{
  "bounds": [
    [
      39.02620368046915,
      -81.75638881767131
    ],
    [
      39.41037034741595,
      -81.23953696544257
    ]
  ],
  "width": 5582,
  "height": 4149,
  "cellsize_m": 7.99
}